{
  "input": {
    "algorithm": "loads",
    "problem": "two_body_problem",
    "mu": 1.0,
    "algebra": {
      "variables": 6
    },
    "scaling" : {
      "length" : 13356.27,
      "time" : 2444.887594345139,
      "velocity" : 5.462938267956432
    },
    "propagation": {
      "initial_time" : 0.0,
      "final_time_DONT_REV_1.5" : 9.42477796076938,
      "final_time_DONT_REV_0.75" : 4.71238898038469,
      "final_time_DONT_REV_0.375" : 2.356194490192345,
      "final_time" : 9.42477796076938,
      "time_step" : 0.004090167590170333,
      "integrator": "RK4"
    },
    "initial_conditions": {
      "length_units": "-",
      "confidence_interval": 3.0,
      "mean" : [
        0.5,
        0.0,
        0.0,
        0.0,
        1.7320508075688774,
        0.0
      ],
      "standard_deviation" : [
        7.487120281336031E-4,
        0.007487120281336032,
        0.0,
        0.0,
        0.0,
        0.0
      ]
    },
    "loads" : {
      "nli_threshold" : 0.02,
      "max_split" : [
        10.0,
        10.0,
        10.0,
        10.0,
        10.0,
        10.0
      ]
    }
  },

  "output":
  {
    "directory": "./out/2023-2024/translation/loads/dynamic/rev_1.50"
  }
}